EN,ES
Menu,Menú
Continue,Continuar
Exit,Salida
Did you know?,¿Sabías?
What do you call someone who raises hens? A chicken tender.,¿Cómo se llama a quien cría gallinas? Un pollero.
Some cheeses are safe for lactose-intolerant people to eat... but only once,Algunos quesos son seguros para el consumo de personas intolerantes a la lactosa.
In 1840 Queen Victoria received a half-ton wheel of cheddar cheese as a wedding gift.,En 1840 la reina Victoria recibió una rueda de queso cheddar de media tonelada como regalo de bodas.
It takes about 10 pounds of milk to make just 1 pound of cheese...It's basically milk.zip,Se necesitan aproximadamente 10 libras de leche para hacer solo 1 libra de queso.
Why are shopping centers boring? Because if you've seen one you've seen the mall.,Algunos quesos son ilegales en Estados Unidos
Did you hear about the magician who was driving down the street? He turned into a parking lot.,Una ley de Wisconsin exigía que los restaurantes sirvieran queso con cada comida.
Why didn't the chef season his dish? He ran out of thyme.,Comer queso 30 minutos antes de acostarse ayuda a dormir mejor
Have you ever heard of “quiet tennis?” It's the same as regular tennis but without the racket.,La mozzarella es el queso más popular en Estados Unidos.
What did the duck say to the waiter when he brought the check? “Just put it on my bill.”,El queso y el vino son la combinación perfecta
Why did the guy get fired from the calendar factory? He took a day off.,La mayoría de los quesos se elaboran con sólo tres ingredientes.